{"RMSE": 1.996841311454773, "WRMSSE_validation": 0.5654035719325108}